"id","is_published","is_in_menu","name","is_homepage","track","website_id","view_id","website_indexed"
"__export__.website_page_4_a8b3a3a9","True","","Home","True","True","My Website","Home","True"
"__export__.website_page_9_4dbfd2cb","True","","Sobre Nosotros","","True","My Website","Sobre Nosotros","True"
"__export__.website_page_14_47aed5a7","","","Aplicacion-cesped","","True","My Website","Aplicacion-cesped","True"
"__export__.website_page_19_96aea992","","","asesoramiento","","True","My Website","asesoramiento","True"
"__export__.website_page_12_c5b8d7d7","True","","Contact Us","","True","My Website","Contact Us","True"
"__export__.website_page_22_d5531aa9","","True","financiacion","","True","My Website","financiacion","True"
"__export__.website_page_20_c14c7690","","","instalacion","","True","My Website","instalacion","True"
"__export__.website_page_15_194cdf2c","","","instalacion-cesped","","True","My Website","instalacion-cesped","True"
"__export__.website_page_17_2e777035","","","limpieza","","True","My Website","limpieza","True"
"__export__.website_page_21_cfecae92","","True","mantenimiento","","True","My Website","mantenimiento","True"
"__export__.website_page_16_effd3074","","","Mantenimiento-cesped","","True","My Website","Mantenimiento-cesped","True"
"__export__.website_page_10_2e51af89","True","","Servicios","","True","My Website","Servicios","True"
"__export__.website_page_11_1a22ed45","True","","Precio","","True","My Website","Precio","True"
"__export__.website_page_13_b122c5dd","","","Ventajas-cesped","","True","My Website","Ventajas-cesped","True"
